WORD,COUNT
indihome,2843
yaaa,17
lgi,6
main,20
emel,1
ping,9
200an,3
kangen,4
pake,219
wkwk,29
4,18
asa,16
ga,353
wifi,247
malem2,3
dapet,26
cepat,66
gin,22
ganggu,183
kerja,20
sengaja,7
ambil,13
jam,94
malem,23
siang,31
lot,232
kahh,2
make,18
doang,65
kenape,3
jaring,211
gmne,1
kesini,8
kacau,13
knp,71
suka,39
tb,4
mati,70
heran,15
daftar,24
didelete,1
kaya,46
judol,4
ngedelete,1
weh,6
ni,69
ngapa,16
daerah,35
trs,26
agus,1
gera,3
atuh,4
aya,1
ka,19
lembur,5
abi,1
tos,1
muak,6
ku,44
te,1
stabil,33
capek,29
cerita,11
setan,9
manusia,6
maapin,2
gak,290
nyaman,13
akses,76
internetnya,46
coba,68
konfirmasi,18
dm,278
nomor,119
kendala,74
lokasi,54
biar,98
bantu,144
kece,10
rahasia,6
data,42
jaga,9
makasih,42
dero,7
ak,24
mw,4
vc,1
pacar,7
kek,77
asu,13
kedip,12
merah,81
yaa,45
restart,33
ajaaaaaa,1
anak,99
liat,59
jel,1
bangetttt,6
seru,16
tetep,37
ngejump,1
72,1
200,4
indiehome,7
ubah,15
paket,103
ngga,15
direspon,20
oi,6
normal,10
tangan,15
konsumen,4
lebih,4
3,67
x,5
24,6
rakyat,4
rugi,10
pa,3
mending,34
5,29
sore,33
bulan,41
min,222
ya,8
internet,280
tbtb,13
ilang,32
telkomsel,208
kntol,2
smua,2
hrga,1
mahalll,1
koneksi,57
tai,47
trouble,26
mulu,98
tol,1
ajar,12
xiomie,1
murah,27
notifikasi,2
email,15
domain,8
aneh,19
klik,12
linknya,1
waduhh,3
twitter,22
kakak,35
instagram,2
cs,63
com,2
wifinya,26
massal,5
selesai,20
customer,16
hambat,4
masalah,34
iyaaa,1
aon,1
keburu,2
habis,19
duluan,7
kayak,32
nya,9
reply,8
status,32
this,1
site,1
can,2
t,7
be,1
reached,1
info,62
ngantemi,1
eun,3
tlp,15
call,14
center,10
bot,7
ngasih,20
jawab,4
pasang,100
power,5
modem,28
nyala,27
lampu,39
kelap,5
kelip,6
paru,2
paru2,2
rumah,208
tanyain,2
follow,7
up,21
gatau,14
kak,2
lelet,42
moga,33
ikhtiar,1
najib,1
dkk,2
tolong,3
allah,26
swt,1
wih,1
km,14
mint,3
yh,10
pdhal,4
saudara,3
pke,11
lancar,60
tdk,21
yaelah,3
jelek,101
tau,87
brp,7
kli,2
ngeluh,6
amp,73
solusi,47
cm,12
reset,5
kebiaasan,1
jelee,1
app,26
bumble,1
indikost,1
infoin,37
komplain,32
cepet,25
ntr,1
selang,1
apaaansi,1
bayar,227
trpat,1
gapernah,7
trlat,1
koq,4
hp,46
td,8
jaya,7
kack,2
bener,79
wak,1
kirim,21
lamar,5
alami,3
yuk,68
aduhh,2
kasih,63
detail,29
dibantuin,4
dimilikiya,1
2p,4
myindihome,30
3p,1
stb,14
rubah,2
ampun,7
sinyal,118
mata,14
batin,4
auto,7
mohon,65
tindak,9
lanjut,11
sdh,18
full,12
adil,2
meni,2
raripuh,1
kie,1
gusti,1
gajelas,15
bgtt,5
kirik,1
wkkw,2
sebut,2
2,86
unstable,1
mental,1
1,66
switch,4
form,3
access,4
admin,35
ajg,9
bgst,4
baca,35
pesan,5
via,32
whatsapp,13
gabisa,56
bapuk,17
transfer,2
rate,1
tirun,1
parah,44
pindah,31
cippp,1
wkwkwk,15
sederhana,6
sebenernya,7
kang,3
kominfo,1
platform,2
lapor,50
web,7
judi,12
online,22
link,25
tutup,12
20,5
panas,10
sumuk,1
putus2,4
bbrp,6
kombo,2
esmosi,1
indigo,11
terbit,1
nunggu,17
sebjbbase,1
wal,1
plus,9
luas,5
musim,5
kemarau,1
hujan,7
macet,4
mes,1
transportasi,1
bus,2
trans,2
kota,30
kereta,1
api,1
bakar,2
hutan,2
polusi,2
sampe,70
negara,4
tetangga,14
jan,2
gamashokk,1
blass,1
sumpah,24
apas,2
duh,7
kesi,1
teteh,1
hari,36
bikin,3
kesel,14
lama2,7
ontrok,1
bareng,8
teh,4
anjayy,1
ikut,11
trend,1
emng,9
keluh,31
csnya,6
perfomanya,1
turun,8
yak,7
chat,15
dibalesnya,2
8,8
menit,16
dibales,13
bales,43
pelan,4
dooo,1
e,13
durung,1
paliing,1
eror,35
begimana,2
astaga,5
jovan,5
foto,17
load,1
mytelkomsel,20
duuuh,1
maaf,35
gw,96
bjir,14
downgrade,6
saking,3
layanyannya,1
nutup,2
kolom,3
komentar,4
busuk,16
sempet2nya,1
ngetwit,1
sok,3
asik,3
cuihhhh,1
gapapa,4
sayang,14
hidup,2
aman,21
gaada,28
hpmu,1
buang,2
channel,44
kualitas,13
kurang,6
natgeo,6
people,2
animal,2
ganti,81
mskpun,1
dmkian,1
biaya,31
dpt,10
kompensasi,5
tsb,3
buka,58
afc,1
tlc,1
terima,40
bom,13
bayarr,1
kaa,4
sblm,1
cek,110
aplikasiny,1
dlu,6
sistem,6
dad,1
jokes,3
sobat,41
indihomebytelkomsel,56
bersatulebihmudah,90
kasi,7
ngomong,6
flop,2
hri,1
insyaallah,1
urun,1
cari,28
30,10
50,8
page,2
akun,47
medsos,3
dll,2
podo,1
ae,4
citranet,1
besok,27
10,25
oktober,14
langgan,184
setia,10
cuanhepi,3
kejut,2
tukar,8
poin,17
siap,4
diskon,16
tarik,6
sob,5
putry,14
dafy,1
mu,7
youtube,15
lambat,23
respon,63
why,4
layan,140
jalan,4
telpon,22
pulsa,15
alemong,1
abisin,1
gilir,20
kabel,59
rapihkan,1
tempat,8
sampah,7
males,10
anjinkkkk,1
butut,6
laknat,1
500,5
anjign,1
isi,11
izin,4
situs,7
aktivitas,5
langgar,1
hukum,2
non,3
politik,1
community,1
managernya,1
prioritas,1
law,1
enforcement,1
input,2
gercep,10
biznett,1
knapa,1
akhir2,5
karna,27
ulah,14
anjg,8
perkara,1
kudu,8
pulang,11
laporin,1
ngapain,5
tgl,23
wkt,2
lurah,9
camat,16
frey,12
los,49
tiba,4
privasi,2
huhu,7
dh,6
kost,5
terooozzz,1
yeyy,1
doi,3
biznet,42
lhakok,1
router,15
jadulll,1
wes,3
normall,1
gaiisss,1
ehhh,1
hai,10
play,11
ketidaknyamanannya,6
informasi,13
mimin,21
trims,4
ad,8
bener2,13
nguji,3
sabar,22
oke,10
rada2,2
kuota,17
pribadi,6
jg,51
ngefek,2
wkwkw,10
guna,21
mnc,8
batas,8
kendara,3
motor,6
temu,2
fo,1
hitam,1
juntai,2
raya,5
gtu,2
bantuin,11
error,48
beda,18
clear,9
cache,6
update,15
versi,5
baru,10
telkomselnya,4
bete,8
john,1
tagih,110
relasi,27
milik,33
nugi,9
jaman,5
ngontrak,1
omah,1
neng,9
wetan,1
jembatan,3
liwat,1
kono,2
bar,4
12,17
an,22
ngroso,1
wae,3
ono,2
sak,4
wayah,1
konco,2
nunut,1
turu,1
nggonanku,1
lha,1
ndilalah,1
ngliwati,1
njuk,1
njenggirat,1
wonge,1
keweden,1
semenjak,7
pakai,63
device,7
udahlah,1
sauna,1
aaaahhhhhhh,1
halo,83
sobiz,2
indibiz,10
bisnis,5
geser,1
lengkap,24
indibizyogya,2
ekosistemsolusiduniausahaindonesia,2
ciptakanpeluangwujudkanharapan,2
nyetel,1
netflix,22
hey,3
hubung,34
tpi,6
wkwkwkw,4
upaya,1
upgrade,13
mbps,16
portal,2
sscasn,1
harga,25
jerih,1
payah,6
plisssss,1
kentut,1
terus,4
ih,8
sihhh,4
terussss,2
jeonghan,1
kmn,1
sieee,1
lupa,15
autopay,1
woi,17
apaansi,2
maen,2
pc,6
trus,33
kosan,3
klo,52
100an,1
jual,11
mahal,47
gamau,3
sepi,3
tambah,10
pilih,17
orang,6
zaman,5
lamaa,4
android,7
ios,1
buset,9
daahh,2
terimakasih,16
spreedsheet,1
sj,3
gk,37
ujung2nya,2
ip,6
address,1
sembunyi,1
cloudflare,6
sales,17
kasar,1
bangett,11
sopan,3
ngatain,1
bodoh,2
tolol,9
bandung,3
hallo,29
nanya,17
kecup,1
kenapaaa,2
mama,3
susah,21
war,5
belanja,1
siapin,3
senjata,1
inceran,1
check,3
out,4
speed,21
on,6
demand,1
rp,5
45,1
000,4
saksi,26
not,5
others,1
tvn,2
tv,154
minipack,8
indikorea,1
nikmat,39
streaming,38
aplikasi,88
login,41
bukasemuapeluang,76
notothers,1
kontol,16
rusak,9
mie,1
rebus,1
varian,1
ayam,1
kuning,1
i,4
think,1
am,1
done,1
with,1
provider,46
kuliner,2
beli,17
skincare,2
penasaran,16
tsel4u,3
internetpastiterkoneksi,8
pamasukamelesatmelampauibatas,8
bisikin,2
kisi,4
indihomeborneo,17
mention,13
loker,8
2023,21
pt,5
infomedia,2
nusantara,2
lowong,2
force,6
sila,5
cv,2
lokersales,1
lokersalesindihome,1
tantrumnya,1
udahan,1
miiiiin,1
telepon,13
kantor,30
engga,16
dipake,28
panggil,8
yahh,1
dibenerin,6
kemaren,33
thankyou,2
kenapasihhh,1
nang,9
ken,14
grapari,7
lebar,1
300,2
dua,1
adek,8
serius,7
tokopedia,1
seller,1
suport,2
area,23
bg,4
bagus,31
alwi,1
mungkin,1
adekmu,1
wa,33
balas,33
israel,1
koran,1
kompas,1
ngelunjak,1
cpns,1
bahasa,2
khilaf,1
wp,1
brothership,1
horor,3
benci,5
adeknya,2
ortu,2
mokad,1
happy,4
ending,1
tunawicara,1
sakit,14
blh,2
ksh,1
tw,2
please,12
connect,11
keren,46
pegawai,9
jdi,9
ngurusin,4
paspampres,1
janji,9
dluan,1
jd,34
jadwal,5
atas,6
promo,20
jitu,12
laku,9
31,1
desember,1
cocok,3
myrepublic,17
firstmedia,4
maintenance,9
niat,5
indikator,12
banyak,11
ngantor,5
bapak,2
bocor,3
dikit,12
tukang,9
keran,2
manggil,7
hadeuh,2
catet,2
pamer,3
ilmu,2
pascabayar,2
prabayar,1
freedom,1
terusss,6
punya,5
ahri,1
indo,4
sekolah,5
hogwarts,1
murid,3
dukun,5
kita,1
muggle,2
begitu,2
ma,1
aallah,1
mantap,8
minimal,6
ngemirror,1
jangkau,11
lbh,2
hayuuu,1
hancurrrrrkann,1
tnya,1
pindahin,2
ruang,2
belah,6
kena,28
walah,1
putus,60
nyambung,17
complain,6
ruamah,1
permisi,3
henti,46
indihom,3
asli,18
tijel,1
lola,3
poll,1
palu,1
down,11
tlkomsel,1
im3,2
sma,3
xl,16
wanjir,1
hotspot,5
tuhan,6
kembali,4
medan,3
tenang,14
milzam,1
indihomenya,9
alamat,34
lunas,21
kunci,3
thank,5
u,7
istilah,2
kadang,16
bingung,8
pusing,8
ngerti,4
ikutin,4
dipenuhin,2
mindfulness,2
untung,18
teknisi,58
sedih,8
tanggung,4
crosscheck,1
cantum,2
benar2,5
takut,12
iseng,2
website,4
salah,7
korban,2
ngebug,2
cu,1
indomaret,1
mas,16
isolir,17
shopee,5
film,17
buat,2
juta,3
dollar,1
orbit,10
anjirrr,4
njir,5
ny,5
kejer,1
tahan,3
oyi,2
pakis,1
first,19
media,21
rep,3
ramal,1
nikah,2
umur,3
26,4
25,6
nasib,1
ind,1
home,7
taiii,1
ngeselin,8
backup,1
gsheet,1
regularly,1
in,13
case,3
delete,1
sprtinya,1
alih,11
cc,4
gembel,5
bijak,6
resah,1
muncull,1
whyy,1
tunggu,22
kanal,2
resmi,6
contact,3
centre,2
guyss,1
188,8
ig,3
fb,2
fan,1
htwtps,1
ww,1
co,2
id,10
indita,1
pakistan,1
ekstrim,1
miiin,1
gesit,1
laah,1
sobatkom,2
adu,10
periksa,3
bukti,4
konten,5
negatif,2
ditindaklanjuti,2
prosedur,8
op,1
random,1
neuvi,1
amuk,2
6,14
15,6
uji,5
kmrn,10
tlg,8
assalamualaikum,1
selamat,34
jl,4
dago,1
09,2
03,1
kelr,1
makasar,2
kec,4
jakarta,1
timur,4
13570,1
byar,2
pet,1
silang,1
drop,1
mhn,3
perhati,4
pagi2,3
kbetulan,1
and,2
marak,1
sms,3
promote,1
url,1
operator,2
block,7
dsh,1
spt,4
fakta,2
link2,1
regulasi,1
rekening,2
afiliasi,1
sulit,12
masyarakat,5
depo,1
metode,4
akal,1
blokir,8
gabakal,1
lindung,3
balik,1
yakali,1
blacklist,2
gampang,18
tembus,1
dns,2
harusnaya,1
ngelacak,1
nik,1
kk,3
ngelawannya,1
gt,27
register,3
bahan,1
bpjs,2
ovo,2
tokped,1
1000,4
buffering,7
anjir,31
kocak,4
file,3
buru,7
ciduk,1
pikir,11
ooh,1
jangan2,4
nolong,1
kira2,3
lawan,4
indonesia,16
berantas,2
amayy,1
dah,8
terhmbat,1
gegara,14
gwe,2
kgn,1
biss,1
ml,2
spiral,1
abyss,1
urus,9
waras,3
sebentar,2
disclaimer,1
kutu,1
yes,1
it,4
s,12
curse,1
have,1
three,1
eyes,1
krn,23
lihat,10
togel,1
enak,25
mayan,1
nyicil,1
darah,4
ko,9
ngesevisnya,1
lcd,1
antena,1
sirik,1
dengkiwifiny,1
potong,8
memek,3
wifiiii,1
lg,55
ngambek,1
gjls,2
gform,2
orang2,6
submit,2
sumatizen,1
ngumpul,2
giveaway,5
minsum,2
wajib,3
syarat,9
tentu,3
ges,3
menangin,1
hadiah,3
menang,9
umum,3
16,2
23,4
best,2
luck,2
giveaways,1
giveawayalert,1
time,2
ngape,3
ainun,1
saran,11
gdocsnys,1
public,2
khawatir,10
disalahgunakan,1
promosi,2
submitnya,1
marah2,4
anj,8
dunia,5
tuh,38
fastres,1
rasya,18
fajar,1
sehat,18
dadak,2
kaga,18
sembuh2,1
lolanya,1
1mbps,1
percayain,1
wkwkwkwk,3
lawak,1
anjing,15
banyak2in,1
setip,1
tisu,1
vs,3
usn,1
pass,3
bawa,5
mudah,26
berkah,1
kadar,1
badmoodku,1
hasil,13
ngelist,1
tumbuh,3
terbackup,1
butuh,17
recovery,1
siap2,1
serang,1
mafia,1
diblock,1
tulis,9
ngajak,11
antem,4
bzir,1
punten,1
spreadsheet,1
editable,2
database,1
internal,2
risiko,1
acak,3
lewat,4
malam,41
nonton,61
download,17
vidio,15
apps,21
store,13
menu,6
layar,9
homeofpremiumsports,4
premiereleague,2
tumben,9
ajak,3
burem,1
skill,1
cok,7
urgent2nya,1
dibutuhin,1
kyk,3
hormat,4
telat,20
d,22
putua,1
lakuin,4
monitoring,1
netizen,1
kumpulin,2
dri,17
list,4
dishow,1
all,2
otherwise,1
seems,1
telegram,1
thing,1
need,1
understand,1
user,11
market,2
either,2
cobain,2
senarai,1
kuras,1
positif,1
koleksi,2
aju,18
insya,1
copy,1
paste,1
kode,5
ceritain,4
eri,10
cuman,11
disuru,1
resart,1
suruh,21
g,15
konek,18
playstation,1
hape,2
tunda,1
honeymoon,1
above,1
space,1
tour,1
guide,1
galaxy,1
abovespace,1
spacehotel,1
darimana,1
paham,4
koper,1
hahaha,3
lin,1
ngadet,1
mlu,5
ngapasie,1
nomer,5
orng,3
telfon,14
147,10
datengnya,1
tugas,28
baik,46
netijen,1
ngeramein,1
copot,6
top,5
mah,35
refresh,3
ngaruh,4
om,5
lawanjudionline,1
konsep,1
crowdsourcing,1
urls,1
addresses,1
indosat,12
pressure,1
telco,1
skrng,10
vn,1
bermenit2,1
rencana,3
tolongg,1
kandung,1
datang,2
ingpo,1
mo,11
kumat,4
dulu,1
tobat,1
anjig,1
mulia,3
didm,1
9,5
tanggap,17
wkwkkw,1
ancritttt,1
neh,1
merespon,4
pulih,2
trimakasih,2
bagi,5
harap,4
2024,1
kab,4
merauke,2
ngemper,3
jarnet,1
live,13
anjengg,2
asiknya,1
wawancara,2
karni,2
ilyas,2
djaja,1
pastiin,1
qaqaqq,1
nontunaipakainetzme,2
pastiuntung,2
nyari,4
twit,5
versus,1
bilang,31
banding,8
kenceng,17
mampung,1
sial,8
klaim,4
reward,1
slma,1
prnh,2
webnya,2
sklinya,1
isolasi,1
nunggak,2
v,1
diblg,1
msh,6
dicabut2,1
kecewa,8
wkwkwkwkw,2
kunti,3
ngadu,10
sodara,2
tempel,1
dibersihin,1
nempatin,1
kosanku,1
jgn,9
kuntinya,1
gada,15
shopeepay,2
saldo,5
kezaaalll,1
migrasi,16
gmn,34
ca,3
balesin,2
basi,1
kenal,5
usia,1
sibuk,4
dilakuin,2
mampu,3
tahu,5
tinggal,5
gnti,2
kostum,1
y,14
twt,7
vpn,4
sama2,3
melulu,6
emosyi,1
iklan,6
indihometv,2
appnya,1
ngelag,24
bngt,2
indicator,1
pon,8
warna,7
bangeet,1
seng,4
ngoros,1
ra,1
trimo,1
bosok,2
rene,1
kepruk,2
karo,1
due,1
iki,6
mumpung,2
hawane,1
larang,2
yee,2
ayooo,1
labrak,1
muka,4
selingkuhin,1
bintang,5
spidi,1
gila,9
7,14
gaberes,1
beres,4
hub,5
costumer,3
service,12
template,2
brief,1
gmnaa,1
woiiiiii,1
buruk,3
nyaa,6
tipu,2
anjggggg,1
remote,8
heheh,1
ngabisin,1
15rb,1
telkommatot,1
responnya,11
frids,1
joan,10
respons,10
perbaikann,1
uda,9
ttp,7
hakim,1
report,1
fungsi,2
indihomematot,1
aplikasierrorterus,1
jga,8
ketemu,4
baekhyun,1
emosi,23
jaswar,1
section,1
semalem,9
dongg,3
banh,2
napa,7
leght,1
bgttt,10
hei,3
kerjaaaa,1
lemottt,4
man,1
mahalllll,1
baless,1
dahh,6
bisaa,2
tsel,15
dasar,6
ribet,13
problem,15
jadiin,3
pos,3
cenah,1
typo,1
pret,1
puluh,1
kmren,2
blm,43
adm,2
ramah,1
sorry,3
marah,10
tingkah,3
complaint,5
ratus,20
bahagia,3
viu,10
anlimnya,1
kakaaa,1
zonauang,8
zonajajan,2
registrasi,3
kayagini,1
nunggunya,2
downkah,1
gym,1
stars,1
season,5
da,7
vinci,1
gana,2
internetan,15
liga,5
inggris,3
diamond,3
sini,2
semuaadadividio,2
woy,10
benefit,2
selaras,4
burik,1
haloooooooo,1
patung,1
monmaaf,1
hobi,8
senang,8
kencang,3
bioskop,1
ayang,2
add,3
indimovie,3
series,1
hbo,11
group,7
cinemax,4
sihh,8
pepek,1
malang,6
indihomelemot,1
hwhwhw,1
translator,1
ponakan,1
spesialis,3
forensik,1
tlpn,3
ngemeng,1
apa,18
bla,2
kmna,1
bundling,8
nambah,4
15k,2
hawa,1
denger,7
senandung,1
lari,2
teras,2
nongol,3
tanya,1
gangguin,1
hibur,12
aku,4
apah,1
disney,30
dateng,15
jemput,1
lamban,4
gratis,11
manee,1
brok,2
tayang,5
italia,1
ditanyangkan,1
smart,3
tweet,9
jasa,4
nihil,3
nyuruh,4
halah,1
ngiklan,1
slow,7
response,5
kyknya,1
ngapasikkk,1
sahabat,6
daritadi,3
gembelllllll,1
jirrrr,1
support,7
idlix,2
okeoke,1
tonton,6
360,1
plis,18
w,25
nnton,3
ngeload,1
soalnyaaaaa,1
au,2
gamood,1
badmood,2
dritdi,1
rangkai,1
psd,1
serasa,1
wibil,1
wilyh,1
bsa,6
bnget,3
700k,1
ngangngengngong,1
interner,1
bosen,2
lucu,5
karaoke,2
reboot,1
biasa,9
kalah,3
kartu,4
babi,15
minggu,29
ngantri,1
masang,14
gmna,6
minn,2
cacat,6
berjam2,1
conect,1
apasih,2
gangguaaan,1
tolooonvgggfggg,1
temenan,2
egk,3
gagal,4
join,2
demn,1
huuuaaaa,1
beneran,15
dami,2
dipta,5
kamar,7
maksud,8
kali,8
cekuma,1
zyad,7
lalu,1
tawar,5
kos,12
lagi,11
kiano,11
duwe,2
peda,1
suwe2,1
gregeten,1
cape,14
unlimited,6
baju,2
telkom,68
gaminta,1
duit,9
apa2,6
dl,3
tantrum,5
ilang2,2
tag,3
brulah,1
we,6
betah,2
jlek,1
paok,1
hantu,6
kuntilanak,1
ngekos,1
situ,7
aman2,2
wqwq,1
heh,6
wekwan,1
lagiiiiii,1
hadeehh,1
angzayy,1
mute,1
protesin,1
sebel,1
siiikkkk,1
ahh,1
pliss,6
knapaaa,1
balesnya,4
anying,5
klanjutan,1
sdgkn,1
org,20
ngerespon,1
dbyr,1
klanjutannya,1
sekrg,1
satu,13
hilang,20
nat,6
geo,4
siar,2
channel2,2
mutu,2
cabut,23
cie,2
absen,7
malmingmu,1
genre,2
iyaa,4
respond,2
my,16
preman,1
mmg,4
sih,1
takud,1
bangt,3
kmu,3
prah,2
loss,12
valorant,1
20mbps,7
beliin,1
mak,1
jincik,1
nama,9
contoh,2
wifiku,4
jaringaan,1
or,3
use,1
pict,1
awowkwok,1
bln,4
juli,2
pasar,1
rebo,1
persis,1
bolak,3
njirlah,1
aja,2
kagak,9
temen,22
didiemin,1
330,1
rb,4
hufft,1
jelang,1
dibandingin,1
inisial,3
sedia,4
lemes,2
kuping,1
temenku,12
ngaco,1
idm,1
roti,1
dehhhh,1
uploadnya,1
raldiva,1
produk,9
fail,2
nntn,6
okt,1
dicreambath,1
ani,3
judul,1
suster,1
creambath,1
puas,4
pecah,1
kepala,5
nenen,1
amber,1
nenek,4
moots,1
halu,1
inget,8
digangguin,1
suara,2
toko,5
11,6
pintu,1
besi,1
ngejegrekin,1
a,1
ibu2,2
ti,1
na,4
dam,1
ayeuna,1
lila,1
pis,2
hurung,1
deui,1
siga,2
keur,1
pareum,1
listrik,15
elaaaah,1
100mbps,9
jelas,8
uang,6
25mbps,1
masangnya,1
pohon,2
wony,4
edit,3
kaki,3
tiang,9
pendek,2
jiplak,1
fashionnya,1
pantes,3
langsing,1
cuss,4
nemenin,1
cemas,1
streamingnya,1
verifikasi,1
nak,2
nab,1
tim,3
mandiricarnavalwithnabila,1
tolkon,1
lag,8
gimanaaa,1
wfh,11
alien,6
kntl,2
aduh,4
signal,6
daftarin,1
padang,4
maju,12
eta,1
post,2
image,1
pstt,1
bola,4
nyobain,1
cus,1
buatsemuamudahmu,1
telkomselprabayar,1
laris,2
pocong,1
pbg,1
warung,3
makan,13
pinggir,2
mahgrib,1
kesana,2
liatin,3
tanam,1
ngerusak,1
rumput,1
tuker,3
yutuber,1
masukin,5
arwah,1
mirna,3
rame,3
ayodong,1
yutuber2,1
keluar,2
kuat,9
tx,1
matibuda,1
oy,1
ngntt,1
dhlah,2
gaje,2
rasa,9
omong,2
satpam,1
meren,1
ngeteh,1
han,1
mandi,1
notif,4
anak2,2
kesah,2
inet,6
keong,2
tiba2,6
ajaib,1
once,1
summer,1
movies,3
cakup,3
saia,1
ato,5
mutualku,2
nga,3
pen,1
ngobrol,1
nder,20
tulung,2
weee,1
internetmu,3
isok,1
denda,11
tahun,9
motong,1
usik,2
donk,5
tegur,1
firtsmedia,1
ujung,3
kabur,3
sepenuh,2
reconect,1
teruss,3
ahhhh,3
syukur,1
frist,1
wkwkwkk,1
minneo,2
cekidot,1
gess,3
tersambung2,1
dibalassss,1
game,7
undur,1
mudah2,1
nasional,3
numpang,2
kl,26
iyee,1
cinta,6
alam,7
alias,3
dinperbaikin,1
samsek,4
goblok,3
fast,8
ngeresponse,1
dibyat,1
2x,13
perihal,6
tq,1
anjinggg,2
kotor,1
bawa2,1
demit,2
generasi,1
yha,1
tanggpan,1
repot,4
nyungsep,1
pojok,4
bimin,2
premium,3
private,1
7k,2
9k,2
11k,1
16k,1
22k,1
anti,6
limit,3
14k,1
20k,1
24k,1
knpaa,1
skssksksksm,1
tabe,1
adaji,1
salesnya,1
sudiang,1
she,1
said,1
day,1
tante,1
jessica,2
nyeletuk,2
ini,9
bunuh,1
mirnanya,1
percaya,6
blio,1
giring,1
opini,1
bangga,2
tiket,1
tingkat,10
ntah,3
nii,5
minnn,3
gni,1
cerito,1
dang,1
ajaaa,4
astagfirullahhhhhhhh,1
funfact,1
householder,1
gede,8
tenant,1
resenya,1
properti,2
deposit,1
450k,1
month,2
gil,1
tiktok,8
kusimpen,1
restu,1
istana,1
tuju,4
ngerasain,3
hangat,1
mamah,3
papah,2
ksel,1
berulang2,1
internetnyaindonesia,1
smlm,1
dikacangin,2
najis,7
krisna,5
mass,1
krisnaaaaa,1
barudak,1
fadey,2
kenan,3
th,2
2020,1
sok2,1
ngeramal,1
mei,2
gelap,1
fafifuwasweswos,1
sumpahh,1
jamred,1
oiii,1
kbs,3
korea,3
world,1
yutub,3
stlh,1
ditakeout,1
waku2,1
japan,1
agak2,1
taun,2
2022,1
smpe,5
bmkg,1
prediksi,2
gempa,1
kelas,5
nlp,3
pusat,10
1pun,1
binasa,1
blsannya,1
sbar,1
jwbn,1
chika,5
normalin,2
dear,3
wifii,1
rajin,2
plasa,3
proses,4
dehhh,1
nugasss,1
ngaku2,1
ahahah,1
jadi,2
pegang,3
oknum2,1
fc,1
cp,1
artis,2
dianggep,2
bohong,2
nungguin,4
telp,15
gadibales,2
gubris,3
ngereply,1
dmn,2
gara,18
follower,1
jahat,6
protes,6
lancarrrrr,1
bubarin,1
yaallah,8
bangsat,9
profesional,1
blok,4
restate,1
nyesel,5
1tahun,1
dendaa,1
set,9
ngobrolin,1
setan2,1
bjrot,1
rem,3
ber,3
september,13
thx,5
brukakakakkaka,1
jarak,1
meter,2
siii,5
hadoo,1
lantai,1
sjamsljdbwiwkwlsh,1
kouta,1
ggr,1
macet2,1
diperbaikin,1
aje,5
gini2,1
abang,11
hmm,3
cuy,1
dingin,1
bajing,5
ngerjain,7
suasana,1
tidur,8
ngilang,2
mood,5
nugas,4
lenyap,1
doain,3
bangkrut,3
unduh,2
skripsi,3
komunikasi,5
sekitar,1
lama,1
bjirrr,1
sie,3
lingkung,2
teliti,1
j,4
angkat,6
publik,1
diceritain,1
mknya,1
sidang,1
mb,2
heeh2,1
manjat,4
tower,4
kabar,8
argh,1
elah,4
wkwkkwk,1
phi,1
pls,13
cerdas,1
bangsa,1
salur,4
knowledge,1
useetv,1
ajah,1
sunflower,1
gil4,1
diingetin,1
toxic,1
ngricuhin,1
ranah,1
hadeh,7
gi,2
bangkeeee,1
360p,1
fm,4
kh,9
btul,1
fut,1
champs,1
80,2
0,3
pending,1
internenya,1
masak,3
engineer,1
jes,1
darlan,2
30mb,3
40an,2
kb,4
jingannn,1
tingkatin,1
frustasi,1
fokus,1
ilangan,4
ayah,4
loyal,1
fotokopi,1
print,1
scan,5
panggil2,1
bangun,4
benerin,14
tlong,2
bangunin,1
haha,1
gajelass,1
saing,5
gengges,1
bayarin,3
gabut,3
refreshment,2
wwkwkw,1
sat,7
kayam,1
curhat,1
psikiater,2
im,2
hotstar,9
annual,3
bonus,8
otomatis,3
manuk,1
onoke,1
tok,1
vi,1
mola,1
rada,3
daya,1
penghuna,1
stuck,1
perbaikanya,1
speedy,1
gretongan,1
samaaa,1
jujung,1
net,1
simpati,2
ngeisolir,1
gbsa,1
amsyonggggg,1
krystal,1
unni,1
sering,2
luh,2
history,1
transaksi,4
acc,1
iri,1
super,6
tutorial,1
hao,1
supranatural,1
ngopi,1
santai,1
tips,7
n,5
trick,1
latency,1
evemt,1
ubur2,1
nyelem,1
joki,2
gara2,5
fuck,1
parung,1
13,3
today,2
belit,1
makhluk,1
item,3
nolongin,1
myrep,3
lis,1
inimah,1
stress,7
bgtttt,4
baru2,1
hati2,1
promoan,1
ngecall,1
greb,1
absurd,1
jeda,1
tetau,1
mertua,3
password,9
cucu,3
colong,1
sekomplek,1
cuk,3
tulah,1
ngevlog,2
ngedit,2
upload,12
5gb,1
video,8
yt,5
6jam,1
overnight,1
pagi,1
subs,1
mayanlah,1
karya,4
batwheel,1
seasons,1
go,6
install,3
bebas,3
batwheels,1
palopo,1
security,2
busett,1
kenyang,1
tailah,1
ditnggu,1
vlok,1
dik,1
gaji,7
buta,1
diladenin,1
costumernya,1
naekin,2
jidat,1
ngasi,1
naek,1
bagus2nya,1
dispensasi,1
ngebenerin,1
ampe,7
shoope,1
ngmgnya,2
didatengkan,1
twitt,1
robot,3
14,3
pro,2
subscription,1
indimovie2,1
benerbener,2
dmnya,1
tadi,1
samasekali,1
semarang,3
pedurungan,1
affdorable,1
1p,5
100,6
darin,1
mendokri,1
weton,1
najissss,1
inti,4
dibls,2
hadeg,1
letak,1
jringan,3
dongkol,1
boss,2
ditanggepin,2
mesti,3
gbs,4
dmku,2
bls,3
ksl,3
aing,5
ngegas,1
blg,3
stgh,1
nomention,1
bentang,1
tali,1
dimarahin,1
pokok,6
jalur,8
udara,1
darat,1
hak,2
gaboleh,1
halang,3
muehehehehe,1
02518473968,1
curiga,4
box,3
gigitin,1
semut,1
valo,2
totot,2
mls,3
megavision,3
akhirya,1
ghostbusters,1
hits,1
hindar,1
keti,1
alay,1
teka,1
teki,1
bermasalh,1
hari2,2
ngelus,1
dada,1
skr,1
memangny,1
wifimu,2
surprise,1
relate,3
tutor,1
kepake,2
ancur,3
nolak,2
bumn,9
indihomedown,1
baget,1
anjay,4
bas,2
kenapaaaaa,2
lemotttt,1
600rb,2
tsnya,1
denah,1
lajur,1
pln,6
spotv,5
channelnya,1
ott,3
vision,5
sekarang2,1
50mbps,7
testspeed,1
waah,3
alternatif,1
gils,1
bolo,1
saranin,2
muahal,1
papa,2
tanda,7
curios,1
natalia,1
grace,1
discovery,1
kamu,9
lumayan,7
jarang,7
duga,1
coba2,1
sepele,1
iya,2
padah,1
70,3
nav,1
dan,2
luar,1
bau,1
gamgguan,1
thanks,11
bjier,1
woiiiii,1
ngejamin,1
siiii,2
puncak,1
helo,2
fakto,1
ditinggalin,1
laen,9
keluarga,10
ide,2
sambung,8
tabung,1
tani,1
smp,2
ribut,8
ambruk,1
total,4
padukuhan,1
pie,1
hom,1
indehom,1
haaw,1
jalukmu,1
pieeeee,1
manut,1
dileps,1
dikencengin,1
paksa,6
nelpon,5
connected,2
without,2
waktuu,1
mbak,2
gmana,1
survey,3
bts,1
dekat,4
cmiiw,1
eneg,1
ganguan,3
mjb,4
apakh,1
wilayah,8
deket,3
dg,1
kntor,1
ampuuuuun,1
socmed,1
komen,4
cbn,4
perban,1
terpaksaaa,1
die,2
narik,3
biayanyaaa,1
huh,1
40,6
sempet,11
indihomecare,2
didatengin,1
inj,1
nelfon,4
nawarin,2
anjirr,2
terang,2
taban,1
bal,1
rekomend,1
brimo,2
misuh,1
mudryk,1
anjrit,4
thn,4
gundam,2
is,2
real,3
tsubame,1
industries,1
usaha,11
start,1
tokyo,1
kembang,2
raksasa,1
minti,4
kecil,1
ekslusif,1
gandeng,2
mvn,1
direct,3
k,3
iptv,1
imbas,3
motogp,1
eksklusif,1
vip,1
lirik,1
minta,5
kuliah,2
telekomunikasi,2
alesan,2
lumbung,1
padi,1
daaa,1
ceo,1
gusur,1
kapok,2
semangat,6
hujung,2
bucket,2
wujud,2
122110224326,1
tangerang,3
itu,2
30mbps,11
under,3
300k,1
rilll,1
mana,6
360an,1
fiks,1
tod,1
emak,2
ngulah,1
lost,7
plat,4
okesip,1
gajadi,1
drpd,5
basic,3
yaak,1
10gb,1
0gb,1
24jam,3
bejirrr,1
marketing,6
menyantumkan,1
dipromo,1
groovi,1
corona,1
klupun,1
gatsu,1
dkt,1
m,5
merk,6
gantung,8
coverage,5
blom,3
yaudah,3
usha,1
routernya,1
very,1
muas,2
ngisi,1
feedback,1
progress,2
gaki,1
niiiiii,2
periodik,1
troubel,1
weekend,2
00,8
definisi,1
marahin,5
rekam,1
nilai,1
fasilitas,1
fair,2
anything,1
but,1
will,1
just,2
fine,1
tlekomsel,1
efek,1
nunjukkin,1
aifon,2
rilmi,1
notice,2
cord,2
okay,2
antri,2
hayo,2
istri,7
hayuk,1
rapat,3
dateng2,3
restart2,1
kwkwkw,1
bentar,8
wajar,3
boljug,1
sikkk,1
rewel,3
kwkwk,1
dtg,4
lansia,2
54,1
gb,1
gaming,3
jumping,4
mang,1
jujur,6
there,1
isn,1
any,1
significant,1
fine2,1
reservasi,1
mrk,1
pkl,4
hwhwh,1
mgkn,1
gakan,1
cz,1
cowok,1
jauhin,2
feeling,1
ape,1
pecicilan,1
wks,1
skaligus,1
rantau,1
opsi,1
libur,5
free,4
milih,2
tukeran,1
cinlok,1
gmn2,1
alamin,1
ditampakkin,1
alhamdulillah,7
subang,1
grup,35
dibukain,1
guru,1
wktu,2
cmn,6
kdg,6
bkn,7
crtanya,1
gaenaknya,1
sisa,3
drumahku,1
suami,4
iforte,1
bye,3
konyol,1
zoom,7
tengah2,1
paka,1
beres2,1
idk,1
sii,4
kosnya,1
hotline,1
pantau,3
udahny,1
biasany,1
kelar,2
macem,2
kirain,11
kenapasih,2
bjirr,1
kenapaa,5
loading,4
rahmatullah,1
samping,1
3harian,1
teng,1
gapaham,1
ngancem,1
3mb,1
ancooorrr,1
telponn,2
lanjutin,1
semingguuuuu,1
iconnet,11
fupnya,1
icon,1
goreng,1
patut,2
haiss,1
dipakek,2
diri,2
drakorrrrrr,1
mksudnya,1
kakk,1
neeh,1
simple,2
lamaaaaa,1
3hr,2
njangkau,1
rill,1
taik,7
stem,1
phpin,1
keluarrr,1
komplen,9
adaaaa,1
diskusi,1
fbb,1
rasio,1
penetrasi,2
sgt,1
rendah,4
asean,2
tlkm,2
komisaris,2
tarif,6
margin,2
tinggi,2
tmpt,1
ajee,1
sawangan,2
depok,2
re,1
ilang2an,3
disency,1
10thnan,1
laptop,7
komputer,2
hamdalah,1
nderrr,1
awas,1
whaaat,1
siiiih,1
stay,2
hidrated,1
rock,1
star,1
mandet2,1
rezha,1
najong,1
teguh,2
dikit2,2
yatuhan,1
kedip2,3
ditelp,1
nanyain,3
bnr,3
underrated,1
bnyk,2
aplagi,1
seok,2
cover,2
isp,3
bejibun,1
better,2
tk,1
ultrasmu,1
servicenya,3
dibales2,3
handling,3
iyalagi,1
delay,1
pusreng,1
stop,10
ngadat,8
pintar,2
trust,2
me,4
slain,1
mreka,2
doangg,1
aseli,1
kosku,1
seriing,1
malaah,1
suja,1
mg,1
kiosnet,1
pelosok,3
atek,1
google,3
ternyato,1
botol,1
bocah,1
ihh,1
ragu,2
memposting,1
postingan,3
inspirasi,1
meme,2
sangka,1
tbh,1
ngezoom,1
gmeet,1
bokap,1
suka2,1
yatim,1
yatemmmm,1
anjengggggg,1
biarin,1
hunting,1
321k,1
35mbps,1
lngsung,1
orgil,2
next,3
bisa,3
nyiapin,1
lgsg,3
diposting,1
ancurin,2
difollowup,1
bonding,1
20rb,1
duet,2
lagu,4
lawas,1
adik,4
kakek,1
hi,6
2harian,1
banyk,1
ecommerce,1
smarttv,2
bisa2,1
advise,1
asap,1
ngeliat,2
dy,1
nampakin,1
ngebelakangin,1
ayat,1
lsg,1
sekelebatan,1
gaperna,2
plgplg,1
sharian,1
lah,1
mau,5
tmptku,2
sensitif,1
bakat,1
layang,2
3x,5
maklum,1
kira,2
bangkee,1
cuek,1
anggurin,1
langsg,1
nebak,1
kala,2
dafa,7
krnapa,1
akuh,2
kemarenn,1
beuuuhhh,1
abiezzzzzzz,1
beud,1
capruk,1
rese,2
nge,5
click,1
ninggalin,1
dimana2,1
ke3,1
lancar2,1
muter2,4
maps,2
koplak,1
ngedepin,1
batu,4
cha,1
sepupu,2
gue,1
ngirip,1
balesan,3
slowres,1
kabupaten,6
magic,1
mike,3
last,1
dance,1
celehe,1
bungkus,2
jare,1
wing,1
sunat,1
twinkling,1
watermelon,1
aktif,14
gyeol,2
unjung,1
alat,5
musik,2
misterius,1
mesin,1
yi,1
chan,1
kisah,3
tinggalpilihnontonbareng,2
viuscreamdates,1
tolongin,1
dlu2,1
plingan,1
abistu,1
residensial,1
rekan,2
daniel,2
hapus,3
myrepublik,1
otw,1
dahhh,2
kindly,1
approach,1
thru,1
za,2
tipes,1
rame2nya,1
keluhan2,1
su,4
macam,2
sambat,1
dikomen,1
bgus,1
pgn,3
ngntot,1
model,1
sampek,1
share,6
psang,1
wipi,1
daily,1
solutif,1
p,5
bwat,1
prumahan,1
ruma,1
bru,1
putusin,2
zhong,1
kui,1
kill,1
demon,1
lionsgate,2
laju,1
drive,2
soalnye,1
nda,2
ade,1
fup,16
ngegame,4
jak,1
connection,5
msih,1
5oct,1
actually,1
byk,1
lahir,1
sbgai,1
skitar,1
2006,1
2007,2
tngh,1
mirror,1
sd,1
merem,1
ngerasa,5
c,1
gamasang,1
ajasekalian,1
facebook,2
nyebutnya,1
jelekbgt,1
mampuuuuus,1
slowresp,2
ta,1
gv,1
alas,6
coy,2
redeem,1
point,1
voucher,5
krg,1
bisa2nya,2
lee,1
selera,3
humor,1
cn,1
ngakak,1
bio,5
pamasukasemakinmelesat,5
paketjituindihome,2
oia,1
rp350,1
nikmatin,1
eits,1
hemat,3
commerce,1
outlet,1
kunjung,6
orbitikutmaumu,1
telkomselorbit,1
sulap,1
sihir,1
kiri,1
50k,1
36gb,1
dn,1
perhitungann,1
18gb,1
sky,1
telpon2,1
nyedot,2
abrek,1
kanan,1
bri,3
tanding,4
dukung,4
klub,1
favorit,1
juara,2
briliga1,1
tulus,2
iced,1
cold,2
cashback,2
50rb,2
166rb,1
ayo,7
gaes,1
088293710909,1
ngereog,1
banget,3
tuhh,1
mlh,2
another,1
miraculous,1
moment,1
wow,1
optik,1
bahaya,1
warga,5
linkaja,7
rp2,2
l,1
tembalang,1
iuh,1
selot,1
profit,1
wede,1
heii,8
mobile,3
banking,7
mandiri,3
by,5
gausah,7
masuk,2
swasta,4
tercover,5
fiber,2
optic,2
anjim,1
percumaaaa,1
bayarrrr,1
ghaibnya,1
beraktifitas,1
sana,1
pemkot,1
surabaya,6
itikad,4
etika,4
nol,3
jng,3
salahin,5
atur,4
progres,2
zzz,2
teknologi,4
meta,1
ray,1
ban,2
rilis,1
generation,1
glasses,1
fitur,2
ai,1
assistant,1
canggih,3
odp,2
potensi,1
instalasi,3
kalm,1
colokin,1
sender,1
kecepetan,1
ngetiknya,1
wkwkwkwkwk,1
marriage,1
difficult,1
for,4
ninja,5
gem,2
inditainment,3
prem,1
pina,1
sabil,3
rw,2
kel,3
anjritttt,1
amat,1
lelah,1
euy,2
280rb,1
pleaseee,1
bgt,5
bingungg,1
nihhh,3
insting,1
meleset,1
lemottttt,1
astagaaaaaaaa,1
geram,1
prime,4
ancak,1
primevideo,1
tualang,5
sherina,6
kenapahh,1
mksd,1
perangkat,6
ilegal,1
sesuai,1
periode,1
nyapa,1
kucing,1
noleh,1
bangeeett,1
brengsek,1
jangan,2
god,1
probs,1
hihi,2
ngoceh,1
kedengeran,1
gang,2
guan,1
nonaktif,2
double,1
nangiss,1
aktifin,1
bill,1
jala,1
relaaaaaaa,1
huftttt,1
bgtttttt,2
paansi,1
revisi,1
ulangg,1
bangke,1
anjiiiiing,1
greeting,1
diem,1
anehhh,1
akal2an,1
ngulir,1
scroll,1
permai,1
ditakdirin,1
malik,1
plz,2
lesbi,1
hmmzz,1
ngarepin,1
indohome,2
fek,1
smeil,1
kursi,2
banyakkkk,1
skali,1
emosiii,1
smh,1
gjlas,1
bet,4
ajgggggg,1
ntn,1
moving,1
klimaks2,1
renti,1
jingkontot,1
seungkwan,1
sek,2
kyo,1
ceunah,1
like,1
jaringab,1
moodyan,1
kenapaaaa,4
siksa,1
tengah,2
hybe,1
hebat,4
hd,3
780,1
57,1
martabak,1
psb,1
ee,2
istg,1
taikkk,1
akuisisi,1
standar,1
bobrok,1
siiiiiii,1
siiiiiiii,1
kwkwwk,1
ngamuk,3
dd,2
smartfren,2
kt,3
mahalin,1
server,5
asem,2
hehe,4
anjinkkkkk,1
rampok,4
diproses2,2
341rb,2
proyek,3
gali,1
mbok,3
pj,2
stupidity,1
albert,1
barusan,2
merger,2
sdm,1
yaaaa,2
korporat,1
telkomunikasi,1
besar,2
negri,1
konoha,1
ngeluhin,1
anjjj,1
sako,1
apalogi,1
cak,2
czn,1
republic,4
bobol,1
ngejar,2
kpi,1
nih,1
canva,1
keliling,1
komplek,3
woro,2
hillary,1
paris,1
ubek2,1
kyanya,2
bpk,1
pasrah,1
peluk,2
molly,1
banting,3
suru,1
setbox,1
bayar2,2
lelettt,1
ilahhh,1
jk,2
berenti2,1
jt,1
dia,1
gonta,1
seluler,2
lw,1
gkush,1
srius,2
yamg,1
analog,1
leled,1
pol,4
koar2,1
sparring,1
partner,1
celestial,1
hati,5
bacain,1
tentang,1
gaib,3
terkadang,2
adminnya,4
nyebelin,3
dimintain,1
huft,2
drmh,1
jua,1
cyber,1
copywriter,1
catut,1
didisney,1
forsale,1
bekas,3
port,1
081225907030,1
ugdforpss,1
br,1
half,1
mbanking,4
bca,5
benar,6
rmh,6
followup,1
plaza,3
ongkos,1
passwordnya,3
terimakasi,1
genshin,2
dul,1
temennya,2
iur,1
grgr,2
400k,1
ringan,2
800k,1
nihh,7
mengobrak,1
abrik,2
idupku,1
nambah2in,1
paraah,1
kmprtnyaa,1
teamsnya,1
reconnect,3
ulang,6
bukannss,1
anjgg,1
blangsak,1
wkwkkwkwk,1
alcha,1
ridha,1
dalam,1
debat,1
olah,1
argument,1
abr,1
nyarinya,1
17,2
jatinegarakaum,1
tell,1
difollow,2
lokal,3
blue,1
beetle,1
catchplay,1
bluebeetle,1
ji,1
boros,1
8gb,1
16gb,1
ngmg,2
help,2
lipat,1
300rb,1
sapa,4
makek,2
seamles,1
atap,1
udaaah,1
aslik,1
calon,2
jitu1,1
299perbulan,1
150rb,2
serempak,1
beginj,1
care,6
subscribe,1
hnya,1
ngaku,2
tipe,2
ready,2
meeting,1
sadar,2
spek,1
attractive,1
rctiplus,1
visionplus,1
musti,1
mncgroup,1
accessible,1
aaaaaa,1
muaakkkk,1
packge,1
restar,1
syeyem,1
macem2,1
cnn,1
cartoon,2
network,1
sanes,1
hungkul,1
oge,3
taros,1
mncplay,1
aranjeuna,1
palak,1
serah,3
lapang,6
gelo,1
boa,2
rip,1
shop,1
phk,1
cahari,1
tiktokshop,1
sakti,1
emmy,5
jor2an,1
ruwet,2
bettttt,1
starlink,2
found,1
warner,2
bros,2
tewas,1
ajarin,1
wv,1
ghoib,1
nerawang,1
bujug,1
green,1
ara,1
survei,1
beda2,2
segitu,3
apakaj,1
indihone,1
bertele2,1
kebijakan2,1
line,1
pukimek,1
mrepet2,1
kerupuk,1
siram,1
air,3
pk,2
jogja,4
vt,1
olahraga,1
300ribuan,1
bertahun2,2
seragam,1
vnulis,1
kmrin,4
tbk,1
teman,2
terusssss,1
karina,1
arah,2
qris,2
mengatasnamakan,2
dana,1
gigit,3
tikus,3
nice,1
putar,1
lrbih,1
skng,1
knpa,4
cirebon,2
bole,2
jbjb,1
cekal,1
bu,2
angsur,1
pdam,4
setor,3
malas,3
fakk,1
putih,2
fixed,2
koutaku,1
tanggal,1
naikin,2
lurus,1
nek,1
kaget,1
nggonmu,1
iso,3
makasiiii,1
magrib,2
cacad,1
idup,4
maling,2
terawang,6
cmiwiw,1
photomha,1
meditasi,4
nenangin,2
balau,3
mikirin,2
cicil,2
kuasa,2
hotel,1
semi,1
indomie,3
gasuka,1
haloo,5
brisik,1
kerjasama,3
sponsorship,2
event,1
kontak,2
kgk,2
pingsan,1
kekny,1
twitteran,1
sukadana,1
isa,1
komplin,1
cuu,1
abg,3
kamera,1
gadapet,1
grab,1
claim,1
give,1
solution,1
roy,1
kimochi,1
katamya,1
ngidap,1
ngeri,4
mereka,1
ditimeline,1
gercel,1
fotoin,1
nggaa,1
usul,1
penuh,5
bruuuuuuuuuuuuuuuuuuuuuuuuuuuuuuuhhhhhhhhh,1
sampling,1
masters,2
disneynya,1
nyimak,1
hasan,1
moji,1
0813,1
545,1
lgs,1
becus,2
ngikutin,1
goks,2
skg,1
hampr,1
400rb,1
lunasin,1
sblmnya,2
padhl,1
bner,1
trnyata,1
mindset,1
always,1
wondering,1
close,1
exist,1
gaksiiii,2
watsap,1
sakia,1
dijadiin,1
uka,1
inisih,1
matiii,1
samsung,1
stok,1
oren,1
ijo,2
fesbuk,1
hidden,1
flashsale,1
ngebtot,1
lengket,1
masakin,1
browsing,1
resep,1
andal,2
baca2,1
oalahhh,1
gasihh,1
mahh,1
jugaa,2
kupake,1
ahhhhh,1
ngadem,2
jatah,2
jajan,3
rangin,2
krena,1
suda,1
dritadi,1
abs,1
ice,3
dispill,1
siput,1
ew,2
syaa,1
ting,2
zen,2
siiik,1
nihhhh,2
sempetin,1
mds,1
cooperative,1
mdscoop,1
bayartagihan,1
rekomendasiin,1
pleasss,1
agik,1
sedap,2
nye,1
beteran,1
astagaa,1
gabisaa,1
spesial,1
mini,1
pack,1
oppa,1
25rb,1
uuite,1
gan,2
ketidaknyamanan,1
silah,5
sedikit,1
juga,1
heuu,1
minum,2
ditulia,1
aq,2
df,2
situasi,2
uefa,1
champions,1
league,1
ucl,1
jubir,1
jepang,1
kotrak,1
simerah,1
fak,3
spooky,1
kitaro,1
animax,3
gasii,1
ampas,1
jrg,1
kata2in,1
pinter,1
dimarah2in,1
100mb,1
paro,1
klean,3
gag,1
manggung,1
pinjem,1
kaos,1
band,1
sombong2,1
manjat2,2
ijin,3
kosong,1
otak,2
ngetok,1
800,1
dng,1
karyawan,2
kawat,1
dur,1
santun,2
peduli,2
safira,1
klasik,1
frezer,1
restat,1
apkh,1
jdnya,1
dc,3
selfie,4
ktp,12
jamin,2
dapetnya,2
jiancok,1
turunin,1
waduhhh,1
luu,1
ndesss,1
momen,3
pahit,2
buah,2
mengkudu,2
sabikui,1
bisco,1
tekomsel,1
dalem,4
boneka,1
pangaduan,1
detik,3
nichhhh,1
gbisa,2
dehhhhh,1
ye,4
read,2
15menit,1
erorr,2
dibalesss,1
cimone,1
sragen,3
blora,2
purwodadi,2
lokersolo,2
lokersoloraya,2
lokersragen,2
lokerkaranganyar,2
lokersukoharjo,2
lokerklaten,2
lokerboyolali,2
ri,1
canta,2
dijamun,1
murahhh,1
profil,1
maturnuwun,1
sediiih,1
29rb,2
bolehhh,1
nebeng,1
dinobarin,1
discord,6
1thn,1
kualifikasi,1
pria,1
wanita,1
didik,1
derajat,1
team,2
individu,1
pandai,1
smartphone,1
tampil,1
nagihnya,1
kea,1
cubmu,1
nyalain,1
selular,1
pantek,1
lipp,1
reng,1
ucap,3
gendong,1
anabulnya,1
tamu,1
ipul,1
bisnet,1
nai,2
ngebaca,1
sigh,1
dubutuhkan,1
sosok,2
ceng,1
ngliat,1
mung,2
ngarang,1
78k,1
spill,2
spp,1
mangkelke,1
tenan,1
bengekk,1
piraku,1
radio,1
ndet,1
ndetan,1
disconnect,2
mangkel,1
nnti,1
tipi,1
sia2,1
tua,3
polemik,1
lgbt,1
usee,3
rp250,1
ppn,7
gembira,1
bangkal,1
sampang,1
pamekasan,1
sumenep,1
madura,3
legendaris,1
rp150rb,2
rp169rb,1
krl,1
mrt,1
tau2,1
sekarangg,1
masalahnyaa,1
ngentot,2
gabikin,3
angot,2
drama,2
ngeribetin,1
system,1
high,1
mbiyen,1
saiki,1
pascabyr,1
spotify,2
nembak,1
kumuh,1
399600,1
sabarr,1
roter,1
woii,4
berita,1
ch,1
wild,1
ngecek,2
dibenerinnya,1
pap,1
jun,1
kampret,4
selfi,1
watermark,1
ojo,1
kuatir,1
pinjol,2
iku,1
dadi,1
insyallah,1
pingnya,1
you,4
merdeka,1
tum,1
40mbps,2
test,2
mentok,1
setting,2
cuekin,2
respon2,1
bahas,1
gituan,1
apapa,1
gantiiii,1
kaaaa,1
dikomplekqu,1
knpnya,1
tks,2
circle,1
love,3
cream,2
121423226516,1
astaghfirullah,3
gueeeeeee,1
nihhhhh,1
here,1
lossdoll,1
prov,1
papua,1
tenaga,1
pi,1
pinggir2,1
iban,2
ont,1
failed,1
gabayar,1
wiffi,2
maybe,1
deteksi,1
woiii,4
coookkkkk,1
ngapaa2in,1
national,2
geographic,2
balean,1
carenya,1
fastrespone,1
slowrespone,1
kerjasamanya,1
ngadat2,1
eeq,1
kejar,1
deadline,1
cdm,3
crash,1
tvnya,3
rang,2
wakwkwkwkwkw,1
iiii,2
sedi,1
ingat,3
batik,4
reduce,1
anger,1
issue,2
klien,1
mara,3
jip,1
ro,1
cagak,1
tunjuk,1
muhammad,7
targum,1
ester,1
ii,2
pasir,2
sahara,1
singgung,1
adab,1
asing,2
dagang,1
syam,1
matiin,2
salemba,1
jakpus,1
ngalor,1
ngidul,1
pecahin,1
kasus2,1
amal,1
tegak,1
jin,1
manfaatin,1
safe,1
palembang,2
masker,1
lekas,1
bumi,1
kuu,1
riseintospace,1
atm,1
brilink,1
updated,1
kalimantan,3
ambawang,1
kuala,1
kubu,1
bjjr,1
10an,1
ness,1
indih,1
dsrh,1
mantep,8
pontianak,1
niii,1
sigap,1
esok,1
jafar,1
kalsel,3
sik,1
langkah,7
gaa,3
gratiss,2
gueee,3
katro,1
muluuu,2
komplenan,1
getol,1
prosesny,1
siang2,1
efisiensi,1
350k,1
750k,1
ditemenin,3
365ribu,1
ulas,2
popcorn,2
petualangansherina2,4
paggii,1
serta,1
nggo,1
dim,1
was,2
kai,1
pindai,1
wajah,3
riweh,1
iman,1
lt,1
300an,1
engap,1
la,2
gim,2
500rb,1
mostly,1
220rb,1
req,2
pinalti,1
28rb,1
gege,1
trimksh,1
screening,1
cuaks,1
cokkk,1
iniiiii,2
bejir,1
bangsattt,1
biru,1
jancok,3
gapunya,1
jateng,3
subuh,3
flat,2
handphone,2
082141535645,1
sadam,1
anjak,1
dewasa,1
sekuel,1
pilmnya,1
plsss,1
kasihan,1
kle,1
areal,1
denpasar,2
suksma,1
amazing,1
almost,1
years,1
fatal,1
action,2
chanel,2
dihilangin,2
natglobal,1
natwild,1
ilham,2
kurniawan,2
kurniadi,1
kurniatot,1
aa,1
uu,1
oo,1
oppo,1
xiaomi,1
apple,2
redmi,1
prabowo,1
al,1
fari,1
naruto,2
sasuke,2
sakura,1
jiraya,1
tsunade,1
orochimaru,1
bocil,1
hadir,4
tuli,1
dengar,1
awal2,1
itumah,1
club,1
basket,1
nuhun,1
ngab,1
dip,1
good,3
morning,2
2bln,1
playback,1
begadang,1
yth,1
off,2
batal,1
mff,1
hun,1
riah,1
pandang,2
intip,2
regist,1
2017an,1
2013an,1
kampus,4
nongkrong,1
wkkwkw,1
nasi,3
telur,2
sangking,1
100k,1
beras,1
telor,3
galon,1
4k,1
1x,1
og,1
meh,1
korupsi,1
maafin,1
fajri,1
elasi,1
perintah,2
tolooong,1
drakor,2
eps,1
akhir,1
aajdiskkssxnfjdks,1
resolusi,1
3gp,1
lancarr,1
mlm,2
iphone,3
sempurna,1
ceplok,1
pinjam,1
max,1
mastiin,1
iphone15pro,1
iphone15,1
iphone15series,1
berani,3
dihh,1
lemoott,1
nabrak,1
hedeuh,1
fns,1
nurunin,1
ambik,1
napas,1
nanganin,1
sia,2
lansung,2
genteng,1
tauu,1
jeonghyeon,1
evnne,1
ricky,1
kapal,2
tellonym,1
telek,2
mnta,1
kmaren,2
400,1
pentung,2
pawang,2
cwk,1
flitterbloom,1
indi,1
akak,4
lgie,1
lepas,3
wacue,1
indyyyy,1
dilaporin,2
njirr,1
ada,3
mbk,1
3hari,3
tampak,1
pda,1
bukak,1
rak,2
asuuu,1
demo,2
muter,2
reguler,2
syulit,1
eng,1
berhari2,1
sebal,1
dicuekin,2
5g,1
cranya,1
gamers,1
nampaknya,1
capai,1
stationhead,1
poor,1
solved,1
bgini,1
taylor,1
mimpi,1
kedap,5
anyingggg,1
ampuh,4
bangsaaat,1
numpukk,1
diliat2,1
ketimbang,2
bestie,2
pulisic,1
ulujami,2
bintaro,1
pricey,1
lan,3
stelah,1
19,1
apaa,1
afk,1
jnck,1
tae,1
responding,1
receh,1
gamuncul,1
dinyalain,1
trss,1
jungkir,1
langanan,2
anjerrrr,1
browser,1
nyoba,3
byu,1
wkwkkwkw,1
investigasi,1
dikomporin,1
tmnan,1
cowo,2
organisasi,1
ptn,1
anjeng,3
dikos,1
katla,1
indihomeeeeee,1
mil,1
lazio,1
pilotnybawa,1
arton,1
bbm,1
subsidi,1
faedah,1
ngarep,1
company,1
growthnya,1
saham,1
hayoo,1
sayaaa,1
ingetin,1
gas,4
ngikuti,1
jaegar,1
kelar2,2
gresik,2
jatim,1
sepuh,1
taaai,1
less,1
mg2,1
wodah,2
nohh,1
astaghfirullahaladzim,1
katany,1
bat,5
kerbjaan,1
diang,1
indhome,1
nyhebelin,1
mbpsnya,1
erti,1
servis,1
guyur,1
rekomendasi,1
ujan,1
deres,1
idiot,1
anzink,1
laki,1
gratisin,1
siiiiii,1
rekomended,1
oot,1
oalah,1
dsni,1
jir,3
anjer,1
ckck,1
anjr,3
bsk,1
cerai,1
ohh,1
galau,2
bocilnya,1
dapat,4
ecek,1
krmh,1
cth,1
posisi,1
takuttt,1
lgggg,1
coco,1
abg2nya,1
bego,2
story,1
dramaga,1
lampus,1
hubungin,1
trading,2
algo,1
product,1
dev,1
push,1
so,1
far,1
aaaarrrgghhhh,1
plissss,1
ekekekkek,1
addon,1
gaaa,1
bnet,1
ngestuck,1
titik,1
kilas,1
diikutin,1
gore,1
samperinnn,1
gofuuuuddd,1
pemberitahuan,4
cloud,1
10mbps,1
livestream,1
konser,1
xxx,1
resign,1
ngelamar,1
nyampe,3
2bar,1
nk,1
serum,1
bunga,2
kebun,1
biso,1
ado,1
dk,1
salesnyo,1
oprator,1
iyanih,1
padam,1
wps,1
ehh,2
malesin,2
staf,1
ktr,1
pasuk,2
jago,1
mbendino,1
ng,1
barwi,1
dilebokne,1
cust,1
ponorogo,1
sg,1
gaene,1
orbat,1
unik,1
bando,1
cor,1
untuk,1
ngomongnya,1
cekek,2
ambyar,1
studio,1
dangdut,1
pada,2
banjarbaru,1
servernya,1
udsh,1
1500620,1
janjiin,1
ingame,1
centernya,2
message,1
useeprime,1
petualangansherina,1
slowrespon,1
ink,1
2hr,1
lain,1
tlonk,1
motivasi,1
dagangin,1
krabby,1
patty,1
dikau,2
disetting,1
ancom,3
request,1
ulur,1
ketulungan,1
haru,1
sctvnya,1
habibillah,1
ondemand,2
sctv,2
lagipula,2
ufah,1
setopbox,2
yidak,1
one,6
dynamic,1
yogyakarta,1
saintifik,1
sombong,1
tepat,1
pseudoscience,1
plot,1
twist,1
piye,2
genggam,2
gabung,38
indihomemurah,4
gimanaa,1
gadigubris,1
ngumpet,4
modif,2
wahh,7
lwt,2
dehh,3
ngelesin,1
iconnect,1
nyabut,2
patch,1
colok,1
lampung,1
sirat,1
pijar,1
nyaut,1
kompetitif,1
monopoli,2
naaaahh,1
ganteng,1
gjd,1
musuh,2
gmnsi,1
baek,2
anjiiiincccc,1
alp,1
gilaasi,1
rumit,1
5mbps,1
tara,6
lajut,3
cia,1
riang,1
jiwa,1
stres,3
raga,1
jingkrak,2
bantai,1
calo,4
ditawarin,2
toloooooongggggggggggggggg,1
maki,1
nyebut,1
haduu,1
cibai,1
ganyampe,2
official,1
wehhh,1
guyz,1
token,1
pbb,1
pliz,1
tahap,1
30x,1
wi,4
fi,4
ngulur,1
ktl,1
wehh,1
gose,1
menjd,1
kondisi,1
kntolllll,1
bangwt,1
judes,2
sungkan,1
mootsku,1
ibab,1
babiq,1
tuk,1
antar,1
diks,1
berkedip2,1
insidejoke,1
customers,1
only,2
dlm,3
haduuu,1
sold,1
late,1
huhuhu,1
nyaaaa,1
bnr2,2
ngerestuin,1
direfund,2
usetv,1
puter,1
ulanggggg,1
istigfar,1
kieu,1
ajig,2
faktor,1
frustrasi,1
sekali,1
bgtbgbtbgttt,1
berkali2,1
kwk,1
mnyet,1
burukkkkk,1
hiiiih,1
beberapa,1
nin,1
dihp,1
yulia,1
edan,1
broadband,1
bgmn,1
ngurus,1
literasi,1
digital,9
agustus,1
29,1
sept,1
natgeowild,1
knpsi,1
rangkap,1
custcare,1
fyi,1
ngeblokir,2
firewallnya,1
pakek,2
ipmu,1
kwatir,1
larna,1
ngeblock,1
comms,1
unyu,2
dong,2
kenang,2
muda,1
tabrak,1
truk,1
minnnn,2
merahnyaa,1
gerak,2
donggg,1
ajgggg,1
sukses,4
karyawannya,1
discordnya,1
androidnya,2
duuuhhhh,1
meriang,1
ukur,2
akurat,1
krna,1
cipta,1
damping,1
ahir,2
sperti,1
udik,1
yok,1
gomana,1
uname,1
diberitahukan,1
losny,1
nyalaaa,1
huhuu,1
dokumen,1
photo,1
sungguh,2
gasih,3
whatthefuck,1
ancuran,1
yaiyalah,1
gen,1
z,1
alpha,1
3d,1
byjungkook,1
salmaatciwalkbandung,1
speednya,2
dinaekin,1
kata,1
right,1
now,1
software,1
darmaraja,1
sumedang,1
amo,4
tot,1
mohamad,1
febri,1
rahmadi,1
dany,1
ngebut,3
kalong,1
demiiii,1
apapunnnn,1
parahhhhhhh,1
koskosannya,1
gaenak,1
sloww,1
res,1
berkat,2
aplot,1
teenage,3
mutant,3
turtles,2
komedi,1
turtle,2
penyu,2
kelah,1
ancam,1
shredder,1
foot,1
clan,1
dungeons,1
dragons,1
honor,1
among,1
thieves,1
350,1
150,1
jatuh,2
tempo,1
meja,1
rombong,1
buruh,1
dentes,1
bear,1
gelar,1
aplikasine,2
pemasanagan,1
terminal,1
mundur,1
abiezz,1
putri,2
ariani,2
america,1
got,1
talent,1
empat,1
ajang,1
gengsi,1
amerika,1
serikat,1
tungguin,2
apk,1
pantesan,1
meet,1
internetlu,1
kya,1
ngumpulin,1
org2,2
pungli,2
prorata,1
prepaid,1
ala,1
apanih,1
nyomanpaulxandirianto,1
gatauuu,1
daftarindihomemurah,1
4kali,1
stabilitas,2
linkadadi,1
bontang,1
produktivitas,2
hangus,3
2005,1
kaco,1
dichat,2
woyyyy,1
challenge,1
simak,2
gaisss,1
akuu,1
kenapesiii,1
damai,1
revano,1
jodoh,1
arini,1
sifat,1
alur,1
nyawa,1
gakebayang,1
hadap,1
are,1
hiring,1
magelang,1
surat,2
fotocopy,2
ijasah,1
grahasaptamandiri,1
pt0909,1
subject,1
person,1
shinta,1
081227181985,1
18,3
realisasi,3
pelayananannya,3
loadingnya,1
macaque,1
monkey,1
puja,1
worth,2
sejammmm,1
ngeleg,1
wtb,1
zonaba,1
coc,1
khhh,1
ufi,3
sepelan2,1
sancho,1
martial,1
jelekkkk,1
plisss,2
monyet,1
legend,3
rp280rb,1
30mbpd,1
mumpuni,1
tri,2
muluu,1
ge,2
ngntd,1
pgi,1
bgettt,1
122426201730,2
elek,1
koyo,1
rupo,1
mantan,1
rp285,1
soasik,1
ketar,1
tir,1
wallahi,1
kutuk,1
fikri,1
saat,1
daridulu,1
asline,1
cakeeuuupp,1
eaaaakk,1
kenceng2nya,1
peeeehhhhhh,1
ki,2
ngko,1
soyo,1
suwi,1
ciummm,1
ngkoooo,1
ngkas,1
bong,1
nia,2
dofi,1
whitney,1
ava,1
rupa,1
firsmed,1
khusunya,1
pw,1
sndiri,1
boong,1
jebul,1
22gb,1
gambar,1
anjingggg,1
puh,2
sepuhh,1
heloooo,1
nyaaa,1
141129115112,1
anjingg,1
kacangin,2
ngatasi,1
golek,1
ben,1
teknisine,1
isin,1
betapa,1
bapuke,1
jaringane,1
ngetes,1
fiberhome,1
sucks,2
twitch,1
kick,1
resolution,1
banda,1
aceh,1
aaaaarrrrghh,1
podoooool,1
chandra,1
connectnya,1
ilanh,1
pulak,1
kirimin,1
duuuhh,1
culun,1
alen,1
siiiii,1
heiiii,1
belajarrrr,1
hiiiihh,1
kakkk,1
pakenya,2
jelekk,1
wtf,1
taii,1
klu,1
susul,1
1th,1
tumpuk,1
iniiii,1
bias,1
cepetan,2
dekarang,1
inbox,1
q,1
nyambunk,1
kno,1
nugassss,1
selesei,1
secepet,1
loveyou,1
budi,1
modaro,1
kabut,1
bela,1
bain,1
berulahh,1
si,1
outfit,2
fr,1
kiiyo,1
lali,1
rupane,1
sattt,1
young,1
sheldon,1
balas2,1
nee,1
kimak,1
fuggg,1
fix,2
packet,1
bales2,1
sosial,2
hpbd,1
kaliii,1
zte,1
f609,1
dilinkaja,1
saaya,1
kene,1
ket,1
nariki,1
brewok,1
perspek,1
enek,1
timbal,1
mager,2
signifikan,1
kemarin,2
dahhhh,1
hadehh,2
gajee,1
kenaoa,1
sugsbsjsnsnsmnsksm,1
nabi,6
sulaiman,1
ersa,1
mayor,2
brpa,2
berpa,1
dajjal,1
sempetnya,1
berakkkkkkk,1
oernah,1
elaahh,1
cerah,1
sepertiny,1
sepak,1
nontonnya,1
pringwulung,1
jele,2
timbul,1
sbenarnya,1
bkan,1
sya,1
koar,1
sosmed,1
ttapi,1
mnunggu,1
sdah,1
sminggu,1
ttpi,1
take,2
laynan,1
sahh,1
3menit,1
lahhh,1
ayolaaaah,1
niih,2
maulid,3
saw,4
rabiul,1
1445,3
h,3
tom,1
jerry,1
move,1
netwrooks,1
gakebuka,1
hgtv,1
ganjil,1
cabang,2
sentiment,1
analysis,1
t4,1
tusuk,1
mjd,1
ptgs,1
tnykan,1
kpd,1
unt,1
rapih,3
nyindir,1
28,1
tuan,1
agung,1
boya,1
libur2,1
senengane,1
ngadi2,1
vidionya,1
alfamidi,1
sumur,1
eug,1
booth,1
express,1
skor,1
saban,1
13k,1
yaallaaaaaah,1
tolongggggggg,1
norespon,1
10menit,2
brand,1
diselesain,1
direfresh,2
memang,1
sop,1
mnt,1
jaringanny,1
mmksut,1
ap,1
bpakq,1
snam,1
pgie,1
dhl,1
indihomeee,1
bisaaa,1
coookkkk,1
ngucapin,1
pencil,1
btuh,1
plihannya,1
4g,1
awat,2
hilang2,1
outdoor,1
jay,1
teladan,2
smoga,1
senantiasa,1
akhlak,1
renung,1
rasulullah,1
sich,1
ngengngong,1
oxygen,1
242ribu,1
pajak,1
nirkabel,1
mahal2,2
ngecek2nya,7
bos,9
valve,1
cs2,2
aaaaaaaaaaaaaaaaaaaaaaaaaaaaaaaaaaaaaaaaaaaaaaaaaaaaaaaaaaaaaaaaaaaaaaaaaaaaaaaaaaaaaaaaaaaaaaaaaaaaaaaaaaaaaaaaaaaaaaaaaa,1
balikin,1
indihomee,1
guaaaaa,1
maennnn,1
sori,2
aduuuh,1
disconnected,1
iniiiiii,1
segi,1
financial,1
perabot,1
kontrak,1
iput,1
nees,1
tiketing,1
ppp,1
format,1
fakmen,1
takoed,1
cefattt,1
speedtest,1
asupan,2
gizi,1
gosip,1
tunjang,1
bagossss,1
uninstall,1
empunya,1
lostnya,2
rumh,1
cpek,1
ajigg,1
direspin,1
anwar,1
phone,1
sex,1
ngalamin,1
jenny,1
cherrypop,1
runtah,1
vefikasi,1
ne,1
jeeeeemmmmmmmmm,1
diplay,1
tab,1
mulus,2
hmmm,1
paripurna,1
majuin,1
downnya,1
mn,1
astagfirullah,1
gws,1
mittens,1
pants,1
cartoonito,1
cah,1
samaaaaa,1
cpt,1
gmau,1
mindahin,1
capee,1
telattt,1
respoooon,1
allahuakbar,1
halooo,1
dihirauin,1
taiiii,1
berattttt,1
poko,1
genap,1
trobel,3
penangananya,1
should,1
disable,1
tlfn,1
malemnya,1
kektai,1
halloooo,1
gedek,1
njirrrr,1
pukiiii,1
plsssssss,1
lamaaaaaaaaa,1
anjinggggggg,1
voting,1
player,1
moba,1
pushrank,1
split,1
gais,2
duhh,1
idam,1
mitik,1
immortal,1
seleb,1
bedua,1
slalu,1
21,1
praktis,2
runah,1
telkomsell,1
hdmi,1
halloo,1
skarang,1
led,1
cba,1
kaah,1
bim,1
international,1
music,1
mix,1
satu2nya,1
enakk,1
truss,1
luv,1
dedy,1
cobuzier,1
tomat,1
jeruk,1
kintil,1
kuntul,1
cuaca,1
biji,1
kuda,1
ngapapah,1
soalna,1
nabung,1
demen,2
nelponnn,1
zuzurrr,1
mentang,4
entar,1
buzzer,1
hashtagnya,1
serba,3
soalny,1
fmc,4
smuanya,1
integrasi,2
manfaat,1
ngecewain,1
pulkam,1
palnggan,1
muncul,2
umkm,3
kendali,2
ngeceknya,1
promonya,2
ragam,1
dc2,1
canda,1
bumnkoneksikanindonesia,71
koneknya,2
remeh,1
kawatir,1
bawah,1
indibizbabel,1
mikir,5
gabungin,16
salut,8
konsisten,8
lokersemarang,1
lowongankerjasemarang,1
jawatengah,1
jleg,1
ngadepin,2
disatuinnya,1
dirasain,1
sesi,1
pening,1
timpa,1
tangga,2
markotop,1
inews,1
rcti,1
retry,1
dokter,3
mri,1
ct,1
drnya,1
negakin,1
diagnosa,1
pasien,1
nebak2,1
organ,1
tubuh,1
ekonomi,2
nderr,1
kerap,1
27,1
nginstall,1
skorlife,1
even,1
utang,1
bad,1
debt,1
wqwwqwq,1
ata,1
ngulang,1
expect,1
digitalisasi,1
peran,1
maksimaal,1
miya,1
sihhhhh,1
woiiiiiii,1
kesal,1
grow,4
digabungin,1
mh,1
bidang,1
mutus,1
capture,1
depan,4
optimal,2
progresif,3
10x,1
kerenn,1
glow,2
yeay,1
akhirnyaa,1
ngegabungin,4
ngebuat,1
mantapp,2
widihhh,1
cakep,1
maksimal,6
waw,1
gilaaa,1
gokil,3
puass,1
wihhh,1
kolaborasi,2
pasti,2
wihh,1
niihh,2
widih,1
penggabungn,1
bayang,1
layanannnya,1
hiks,1
sodaraku,1
yakinin,1
programnnya,1
fundamental,1
btnbestcsr,1
risau,1
gundah,1
guysss,1
berkas,1
menggabungin,1
wahhh,1
konsistensi,1
cepeett,1
anjjjjj,1
rata,1
larut,1
ngelayanin,1
tasya,1
kerabat,1
pisah,1
pulau,1
maut,1
158,1
ngadapin,1
suluruh,1
guaa,1
padu,1
nenjadi,1
diklaten,2
klaten,1
bakti,1
postel,1
melanu,1
ewu,1
luwih,1
seko,1
315,1
paksu,1
dompet,1
suamiistri,1
1x24,1
jm,1
sleman,1
prio,1
little,1
mermaid,1
loh,2
bisq,1
ilpil,1
apaseeeeh,1
softdrink,1
bir,1
rokok,1
snack2,1
keunblock,1
gaakan,1
cuih,1
anm,1
tanganin,1
ngedm,1
hitung,1
pin,1
gestun,2
owner,1
diarahin,1
tralala,1
trilili,1
jengkel,1
mksi,1
lord,1
mnit,1
lapo,1
direstart,1
kambuh,1
ngontak,1
rek,1
serune,1
bogor,1
makas,1
cedat,1
cedut,1
sayaaang,1
hate,2
relationship,1
mna,1
ketap,1
ketip,1
mlm2,1
depresi,1
dahhhhh,1
amittt2,1
parahhh,1
gaby,1
dasarr,1
qku,1
mekanik,1
cek2,1
peluang,1
jlk,1
apaaan,1
ketawa,1
ngewa,2
uring2an,1
cenat,1
cenut,1
cedutan,1
ginian,1
andaikata,1
nakk,1
soale,1
panjang,1
ayok,1
085,1
3363,1
77720,1
indihomemalang,1
pasangindihome,1
akan,2
databasenya,1
162501210366,1
hariyanti,1
162501301262,1
darniah,1
0162501323866,1
charyn,1
perlu,1
0162501206246,1
herman,1
gudang,1
gonaku,1
orak,1
mbong,1
jujurly,1
beranta,2
tagiah,1
tunggak,1
500gb,1
drastis,1
085754007095,1
hilang2an,1
asik2,1
ngetik,1
digampangin,1
diprioritasin,1
njink,1
urgent,1
slot,2
kudus,1
hijrah,1
rejeki,1
8th,1
jog,1
bantul,1
suwun,1
selaluuuu,1
beginiiiiiiiiiii,1
drpagi,1
bgtttttttttttttt,1
nyawanyaaaa,1
bnrn,1
konteks,1
anjirt,1
braw,2
perbandinganny,3
ajaaaa,1
new,1
jgrp,1
ngak,1
pornografi,1
jajah,1
colek,1
menteri,1
pny,2
keplak,1
guuuuaaaa,1
stngh,1
stbnya,1
semena2,1
rinciannya,1
reach,1
rincian,1
godean,1
biza,1
hsvsusbsusw,1
obrak,1
expired,1
inituh,1
122844305910,1
sekrng,1
tolng,1
flwup,1
mpbs,1
umat2an,1
downloadnya,1
masya,1
1gb,1
wus,1
2mps,1
brosur,1
blackpink,1
suga,1
coldplay,1
twice,1
yura,1
yunita,1
apaan2,1
dino,1
bendino,1
masalahe,1
ssst,1
yaaaaa,1
enam,1
medali,1
asi,1
games,1
hangzhou,1
china,1
ismono,1
kerubuhan,1
dek,1
ticket,1
ribeeettttt,1
ngurusnya,1
ditelfon,1
nggada,1
bner2,1
dirugiin,1
disepelein,1
bentar2,1
ngeblur,1
dw,1
lampau,1
kaleng2,1
jelajah,1
2minggu,1
galactic,1
heroes,1
neue,1
these,1
second,1
yeeh,1
ngeles,1
bajaj,1
borong,1
kelilip,1
haloooo,1
pilpres,1
22,1
ngeyel,1
tahu2,1
dial,1
pukimak,2
cuyyy,1
emamg,1
trmasuk,1
ndk,1
diaccess,1
dikhususin,1
ngestreaming,1
bitrate,1
5k,1
purnama,1
routingnya,1
220ribu,1
lego,1
trik,1
jurus,1
rp425rb,1
bin,1
laman,1
mitra,1
babik,2
dosa,1
abisss,1
jdinyy,1
prab,1
proxy,1
jkw,1
hegemoni,1
banteng,1
rasakno,1
kowe,1
opo,1
sbg,2
jelek2,1
jo,1
ngremehke,1
jelantah,1
apasii,1
twiter,1
gilaa,1
anyinglah,1
